<?xml version="1.0" encoding="UTF-8"?>
<GenRun Id="impl_1" LaunchPart="xc7z020clg484-1" LaunchTime="1605145359">
  <File Type="OPT-HWDEF" Name="CarrySelect.hwdef"/>
  <File Type="PA-DCP" Name="CarrySelect.dcp"/>
  <File Type="OPT-DCP" Name="CarrySelect_opt.dcp"/>
  <File Type="ROUTE-PWR" Name="CarrySelect_power_routed.rpt"/>
  <File Type="PA-TCL" Name="CarrySelect.tcl"/>
  <File Type="ROUTE-PWR-SUM" Name="CarrySelect_power_summary_routed.pb"/>
  <File Type="REPORTS-TCL" Name="CarrySelect_reports.tcl"/>
  <File Type="BG-DRC" Name="CarrySelect.drc"/>
  <File Type="OPT-METHODOLOGY-DRC" Name="CarrySelect_methodology_drc_opted.rpt"/>
  <File Type="INIT-TIMING" Name="CarrySelect_timing_summary_init.rpt"/>
  <File Type="OPT-DRC" Name="CarrySelect_drc_opted.rpt"/>
  <File Type="OPT-TIMING" Name="CarrySelect_timing_summary_opted.rpt"/>
  <File Type="PWROPT-DCP" Name="CarrySelect_pwropt.dcp"/>
  <File Type="PWROPT-DRC" Name="CarrySelect_drc_pwropted.rpt"/>
  <File Type="PWROPT-TIMING" Name="CarrySelect_timing_summary_pwropted.rpt"/>
  <File Type="PLACE-DCP" Name="CarrySelect_placed.dcp"/>
  <File Type="PLACE-IO" Name="CarrySelect_io_placed.rpt"/>
  <File Type="PLACE-CLK" Name="CarrySelect_clock_utilization_placed.rpt"/>
  <File Type="PLACE-UTIL" Name="CarrySelect_utilization_placed.rpt"/>
  <File Type="PLACE-UTIL-PB" Name="CarrySelect_utilization_placed.pb"/>
  <File Type="PLACE-CTRL" Name="CarrySelect_control_sets_placed.rpt"/>
  <File Type="PLACE-SIMILARITY" Name="CarrySelect_incremental_reuse_placed.rpt"/>
  <File Type="PLACE-PRE-SIMILARITY" Name="CarrySelect_incremental_reuse_pre_placed.rpt"/>
  <File Type="PLACE-TIMING" Name="CarrySelect_timing_summary_placed.rpt"/>
  <File Type="POSTPLACE-PWROPT-DCP" Name="CarrySelect_postplace_pwropt.dcp"/>
  <File Type="POSTPLACE-PWROPT-TIMING" Name="CarrySelect_timing_summary_postplace_pwropted.rpt"/>
  <File Type="PHYSOPT-DCP" Name="CarrySelect_physopt.dcp"/>
  <File Type="PHYSOPT-DRC" Name="CarrySelect_drc_physopted.rpt"/>
  <File Type="BG-BIT" Name="CarrySelect.bit"/>
  <File Type="PHYSOPT-TIMING" Name="CarrySelect_timing_summary_physopted.rpt"/>
  <File Type="ROUTE-ERROR-DCP" Name="CarrySelect_routed_error.dcp"/>
  <File Type="ROUTE-DCP" Name="CarrySelect_routed.dcp"/>
  <File Type="ROUTE-BLACKBOX-DCP" Name="CarrySelect_routed_bb.dcp"/>
  <File Type="ROUTE-DRC" Name="CarrySelect_drc_routed.rpt"/>
  <File Type="ROUTE-DRC-PB" Name="CarrySelect_drc_routed.pb"/>
  <File Type="BITSTR-MSK" Name="CarrySelect.msk"/>
  <File Type="ROUTE-DRC-RPX" Name="CarrySelect_drc_routed.rpx"/>
  <File Type="BG-BGN" Name="CarrySelect.bgn"/>
  <File Type="ROUTE-METHODOLOGY-DRC" Name="CarrySelect_methodology_drc_routed.rpt"/>
  <File Type="BITSTR-RBT" Name="CarrySelect.rbt"/>
  <File Type="ROUTE-METHODOLOGY-DRC-RPX" Name="CarrySelect_methodology_drc_routed.rpx"/>
  <File Type="BG-BIN" Name="CarrySelect.bin"/>
  <File Type="ROUTE-METHODOLOGY-DRC-PB" Name="CarrySelect_methodology_drc_routed.pb"/>
  <File Type="ROUTE-PWR-RPX" Name="CarrySelect_power_routed.rpx"/>
  <File Type="ROUTE-STATUS" Name="CarrySelect_route_status.rpt"/>
  <File Type="ROUTE-STATUS-PB" Name="CarrySelect_route_status.pb"/>
  <File Type="ROUTE-TIMINGSUMMARY" Name="CarrySelect_timing_summary_routed.rpt"/>
  <File Type="ROUTE-TIMING-PB" Name="CarrySelect_timing_summary_routed.pb"/>
  <File Type="ROUTE-TIMING-RPX" Name="CarrySelect_timing_summary_routed.rpx"/>
  <File Type="ROUTE-SIMILARITY" Name="CarrySelect_incremental_reuse_routed.rpt"/>
  <File Type="RDI-RDI" Name="CarrySelect.vdi"/>
  <File Type="ROUTE-CLK" Name="CarrySelect_clock_utilization_routed.rpt"/>
  <File Type="POSTROUTE-PHYSOPT-DCP" Name="CarrySelect_postroute_physopt.dcp"/>
  <File Type="POSTROUTE-PHYSOPT-BLACKBOX-DCP" Name="CarrySelect_postroute_physopt_bb.dcp"/>
  <File Type="POSTROUTE-PHYSOPT-TIMING" Name="CarrySelect_timing_summary_postroute_physopted.rpt"/>
  <File Type="POSTROUTE-PHYSOPT-TIMING-PB" Name="CarrySelect_timing_summary_postroute_physopted.pb"/>
  <File Type="POSTROUTE-PHYSOPT-TIMING-RPX" Name="CarrySelect_timing_summary_postroute_physopted.rpx"/>
  <File Type="BITSTR-NKY" Name="CarrySelect.nky"/>
  <File Type="BITSTR-BMM" Name="CarrySelect_bd.bmm"/>
  <File Type="BITSTR-MMI" Name="CarrySelect.mmi"/>
  <File Type="BITSTR-LTX" Name="debug_nets.ltx"/>
  <File Type="BITSTR-LTX" Name="CarrySelect.ltx"/>
  <File Type="BITSTR-SYSDEF" Name="CarrySelect.sysdef"/>
  <File Type="WBT-USG" Name="usage_statistics_webtalk.html"/>
  <FileSet Name="sources" Type="DesignSrcs" RelSrcDir="$PSRCDIR/sources_1">
    <Filter Type="Srcs"/>
    <File Path="$PSRCDIR/sources_1/new/Blocco.vhd">
      <FileInfo>
        <Attr Name="UsedIn" Val="synthesis"/>
        <Attr Name="UsedIn" Val="simulation"/>
      </FileInfo>
    </File>
    <File Path="$PSRCDIR/sources_1/new/FA.vhd">
      <FileInfo>
        <Attr Name="UsedIn" Val="synthesis"/>
        <Attr Name="UsedIn" Val="simulation"/>
      </FileInfo>
    </File>
    <File Path="$PSRCDIR/sources_1/new/MUX.vhd">
      <FileInfo>
        <Attr Name="UsedIn" Val="synthesis"/>
        <Attr Name="UsedIn" Val="simulation"/>
      </FileInfo>
    </File>
    <File Path="$PSRCDIR/sources_1/new/RippleCarry.vhd">
      <FileInfo>
        <Attr Name="UsedIn" Val="synthesis"/>
        <Attr Name="UsedIn" Val="simulation"/>
      </FileInfo>
    </File>
    <File Path="$PSRCDIR/sources_1/new/CarrySelect.vhd">
      <FileInfo>
        <Attr Name="UsedIn" Val="synthesis"/>
        <Attr Name="UsedIn" Val="simulation"/>
      </FileInfo>
    </File>
    <Config>
      <Option Name="DesignMode" Val="RTL"/>
      <Option Name="TopModule" Val="CarrySelect"/>
      <Option Name="TopAutoSet" Val="TRUE"/>
    </Config>
  </FileSet>
  <FileSet Name="constrs_in" Type="Constrs" RelSrcDir="$PSRCDIR/constrs_1">
    <Filter Type="Constrs"/>
    <Config>
      <Option Name="ConstrsType" Val="XDC"/>
    </Config>
  </FileSet>
  <Strategy Version="1" Minor="2">
    <StratHandle Name="Vivado Implementation Defaults" Flow="Vivado Implementation 2017"/>
    <Step Id="init_design"/>
    <Step Id="opt_design"/>
    <Step Id="power_opt_design"/>
    <Step Id="place_design"/>
    <Step Id="post_place_power_opt_design"/>
    <Step Id="phys_opt_design"/>
    <Step Id="route_design"/>
    <Step Id="post_route_phys_opt_design"/>
    <Step Id="write_bitstream"/>
  </Strategy>
</GenRun>
